Short_Name,Full_Name,Round,Hole,Hole_Number,Hole_Score,Total_Score,Position
D. Riley,Davis Riley,1,1,1,0,0,5.0
D. Riley,Davis Riley,1,2,2,0,0,4.0
D. Riley,Davis Riley,1,3,3,0,0,7.0
D. Riley,Davis Riley,1,4,4,-1,-1,2.0
D. Riley,Davis Riley,1,5,5,0,-1,2.0
D. Riley,Davis Riley,1,6,6,0,-1,2.0
D. Riley,Davis Riley,1,7,7,0,-1,2.0
D. Riley,Davis Riley,1,8,8,0,-1,4.0
D. Riley,Davis Riley,1,9,9,0,-1,6.0
D. Riley,Davis Riley,1,10,10,-2,-3,1.0
D. Riley,Davis Riley,1,11,11,0,-3,3.0
D. Riley,Davis Riley,1,12,12,0,-3,4.0
D. Riley,Davis Riley,1,13,13,0,-3,5.0
D. Riley,Davis Riley,1,14,14,0,-3,6.0
D. Riley,Davis Riley,1,15,15,0,-3,6.0
D. Riley,Davis Riley,1,16,16,0,-3,5.0
D. Riley,Davis Riley,1,17,17,0,-3,4.0
D. Riley,Davis Riley,1,18,18,0,-3,3.0
D. Riley,Davis Riley,2,1,19,0,-3,3.0
D. Riley,Davis Riley,2,2,20,0,-3,3.0
D. Riley,Davis Riley,2,3,21,0,-3,4.0
D. Riley,Davis Riley,2,4,22,-1,-4,2.0
D. Riley,Davis Riley,2,5,23,0,-4,2.0
D. Riley,Davis Riley,2,6,24,0,-4,2.0
D. Riley,Davis Riley,2,7,25,-1,-5,2.0
D. Riley,Davis Riley,2,8,26,-1,-6,2.0
D. Riley,Davis Riley,2,9,27,0,-6,2.0
D. Riley,Davis Riley,2,10,28,0,-6,2.0
D. Riley,Davis Riley,2,11,29,-1,-7,2.0
D. Riley,Davis Riley,2,12,30,0,-7,2.0
D. Riley,Davis Riley,2,13,31,0,-7,2.0
D. Riley,Davis Riley,2,14,32,0,-7,2.0
D. Riley,Davis Riley,2,15,33,0,-7,2.0
D. Riley,Davis Riley,2,16,34,0,-7,2.0
D. Riley,Davis Riley,2,17,35,-1,-8,1.0
D. Riley,Davis Riley,2,18,36,0,-8,2.0
D. Riley,Davis Riley,3,1,37,0,-8,2.0
D. Riley,Davis Riley,3,2,38,0,-8,2.0
D. Riley,Davis Riley,3,3,39,0,-8,2.0
D. Riley,Davis Riley,3,4,40,-1,-9,2.0
D. Riley,Davis Riley,3,5,41,0,-9,2.0
D. Riley,Davis Riley,3,6,42,0,-9,2.0
D. Riley,Davis Riley,3,7,43,0,-9,2.0
D. Riley,Davis Riley,3,8,44,0,-9,2.0
D. Riley,Davis Riley,3,9,45,0,-9,2.0
D. Riley,Davis Riley,3,10,46,-1,-10,2.0
D. Riley,Davis Riley,3,11,47,0,-10,2.0
D. Riley,Davis Riley,3,12,48,0,-10,2.0
D. Riley,Davis Riley,3,13,49,0,-10,2.0
D. Riley,Davis Riley,3,14,50,0,-10,2.0
D. Riley,Davis Riley,3,15,51,-1,-11,2.0
D. Riley,Davis Riley,3,16,52,2,-9,2.0
D. Riley,Davis Riley,3,17,53,-1,-10,2.0
D. Riley,Davis Riley,3,18,54,-1,-11,2.0
D. Riley,Davis Riley,4,1,55,0,-11,2.0
D. Riley,Davis Riley,4,2,56,-1,-12,2.0
D. Riley,Davis Riley,4,3,57,0,-12,2.0
D. Riley,Davis Riley,4,4,58,0,-12,2.0
D. Riley,Davis Riley,4,5,59,0,-12,2.0
D. Riley,Davis Riley,4,6,60,0,-12,2.0
D. Riley,Davis Riley,4,7,61,0,-12,2.0
D. Riley,Davis Riley,4,8,62,-1,-13,2.0
D. Riley,Davis Riley,4,9,63,0,-13,2.0
D. Riley,Davis Riley,4,10,64,0,-13,2.0
D. Riley,Davis Riley,4,11,65,0,-13,2.0
D. Riley,Davis Riley,4,12,66,0,-13,2.0
D. Riley,Davis Riley,4,13,67,0,-13,2.0
D. Riley,Davis Riley,4,14,68,-1,-14,2.0
D. Riley,Davis Riley,4,15,69,1,-13,2.0
D. Riley,Davis Riley,4,16,70,-1,-14,2.0
D. Riley,Davis Riley,4,17,71,0,-14,2.0
D. Riley,Davis Riley,4,18,72,-2,-16,2.0
J. Vegas,Jhonattan Vegas,1,1,1,0,0,7.0
J. Vegas,Jhonattan Vegas,1,2,2,0,0,6.0
J. Vegas,Jhonattan Vegas,1,3,3,0,0,8.0
J. Vegas,Jhonattan Vegas,1,4,4,0,0,9.0
J. Vegas,Jhonattan Vegas,1,5,5,0,0,11.0
J. Vegas,Jhonattan Vegas,1,6,6,0,0,10.0
J. Vegas,Jhonattan Vegas,1,7,7,0,0,10.0
J. Vegas,Jhonattan Vegas,1,8,8,0,0,10.0
J. Vegas,Jhonattan Vegas,1,9,9,0,0,10.0
J. Vegas,Jhonattan Vegas,1,10,10,0,0,10.0
J. Vegas,Jhonattan Vegas,1,11,11,2,2,11.0
J. Vegas,Jhonattan Vegas,1,12,12,-1,1,10.0
J. Vegas,Jhonattan Vegas,1,13,13,0,1,10.0
J. Vegas,Jhonattan Vegas,1,14,14,0,1,10.0
J. Vegas,Jhonattan Vegas,1,15,15,1,2,11.0
J. Vegas,Jhonattan Vegas,1,16,16,1,3,11.0
J. Vegas,Jhonattan Vegas,1,17,17,0,3,11.0
J. Vegas,Jhonattan Vegas,1,18,18,0,3,11.0
J. Vegas,Jhonattan Vegas,2,1,19,0,3,11.0
J. Vegas,Jhonattan Vegas,2,2,20,-1,2,11.0
J. Vegas,Jhonattan Vegas,2,3,21,0,2,11.0
J. Vegas,Jhonattan Vegas,2,4,22,0,2,11.0
J. Vegas,Jhonattan Vegas,2,5,23,-1,1,11.0
J. Vegas,Jhonattan Vegas,2,6,24,-1,0,10.0
J. Vegas,Jhonattan Vegas,2,7,25,1,1,11.0
J. Vegas,Jhonattan Vegas,2,8,26,0,1,11.0
J. Vegas,Jhonattan Vegas,2,9,27,0,1,10.0
J. Vegas,Jhonattan Vegas,2,10,28,-1,0,10.0
J. Vegas,Jhonattan Vegas,2,11,29,2,2,11.0
J. Vegas,Jhonattan Vegas,2,12,30,1,3,11.0
J. Vegas,Jhonattan Vegas,2,13,31,-2,1,10.0
J. Vegas,Jhonattan Vegas,2,14,32,0,1,10.0
J. Vegas,Jhonattan Vegas,2,15,33,0,1,10.0
J. Vegas,Jhonattan Vegas,2,16,34,0,1,10.0
J. Vegas,Jhonattan Vegas,2,17,35,0,1,10.0
J. Vegas,Jhonattan Vegas,2,18,36,0,1,10.0
J. Vegas,Jhonattan Vegas,3,1,37,-1,0,9.0
J. Vegas,Jhonattan Vegas,3,2,38,2,2,11.0
J. Vegas,Jhonattan Vegas,3,3,39,1,3,11.0
J. Vegas,Jhonattan Vegas,3,4,40,0,3,11.0
J. Vegas,Jhonattan Vegas,3,5,41,0,3,11.0
J. Vegas,Jhonattan Vegas,3,6,42,1,4,11.0
J. Vegas,Jhonattan Vegas,3,7,43,0,4,11.0
J. Vegas,Jhonattan Vegas,3,8,44,0,4,11.0
J. Vegas,Jhonattan Vegas,3,9,45,0,4,11.0
J. Vegas,Jhonattan Vegas,3,10,46,2,6,11.0
J. Vegas,Jhonattan Vegas,3,11,47,0,6,11.0
J. Vegas,Jhonattan Vegas,3,12,48,0,6,11.0
J. Vegas,Jhonattan Vegas,3,13,49,0,6,11.0
J. Vegas,Jhonattan Vegas,3,14,50,-1,5,11.0
J. Vegas,Jhonattan Vegas,3,15,51,0,5,11.0
J. Vegas,Jhonattan Vegas,3,16,52,0,5,11.0
J. Vegas,Jhonattan Vegas,3,17,53,0,5,11.0
J. Vegas,Jhonattan Vegas,3,18,54,1,6,11.0
J. Vegas,Jhonattan Vegas,4,1,55,0,6,11.0
J. Vegas,Jhonattan Vegas,4,2,56,0,6,11.0
J. Vegas,Jhonattan Vegas,4,3,57,-1,5,11.0
J. Vegas,Jhonattan Vegas,4,4,58,0,5,11.0
J. Vegas,Jhonattan Vegas,4,5,59,0,5,11.0
J. Vegas,Jhonattan Vegas,4,6,60,0,5,11.0
J. Vegas,Jhonattan Vegas,4,7,61,0,5,11.0
J. Vegas,Jhonattan Vegas,4,8,62,0,5,11.0
J. Vegas,Jhonattan Vegas,4,9,63,-1,4,11.0
J. Vegas,Jhonattan Vegas,4,10,64,-1,3,11.0
J. Vegas,Jhonattan Vegas,4,11,65,0,3,11.0
J. Vegas,Jhonattan Vegas,4,12,66,-1,2,11.0
J. Vegas,Jhonattan Vegas,4,13,67,0,2,11.0
J. Vegas,Jhonattan Vegas,4,14,68,-1,1,11.0
J. Vegas,Jhonattan Vegas,4,15,69,1,2,11.0
J. Vegas,Jhonattan Vegas,4,16,70,0,2,11.0
J. Vegas,Jhonattan Vegas,4,17,71,0,2,11.0
J. Vegas,Jhonattan Vegas,4,18,72,0,2,11.0
P. Kizzire,Patton Kizzire,1,1,1,0,0,10.0
P. Kizzire,Patton Kizzire,1,2,2,0,0,9.0
P. Kizzire,Patton Kizzire,1,3,3,-1,-1,4.0
P. Kizzire,Patton Kizzire,1,4,4,0,-1,5.0
P. Kizzire,Patton Kizzire,1,5,5,0,-1,6.0
P. Kizzire,Patton Kizzire,1,6,6,0,-1,6.0
P. Kizzire,Patton Kizzire,1,7,7,0,-1,6.0
P. Kizzire,Patton Kizzire,1,8,8,0,-1,7.0
P. Kizzire,Patton Kizzire,1,9,9,0,-1,8.0
P. Kizzire,Patton Kizzire,1,10,10,0,-1,8.0
P. Kizzire,Patton Kizzire,1,11,11,-1,-2,6.0
P. Kizzire,Patton Kizzire,1,12,12,0,-2,7.0
P. Kizzire,Patton Kizzire,1,13,13,-1,-3,6.0
P. Kizzire,Patton Kizzire,1,14,14,2,-1,8.0
P. Kizzire,Patton Kizzire,1,15,15,0,-1,9.0
P. Kizzire,Patton Kizzire,1,16,16,0,-1,9.0
P. Kizzire,Patton Kizzire,1,17,17,0,-1,9.0
P. Kizzire,Patton Kizzire,1,18,18,0,-1,9.0
P. Kizzire,Patton Kizzire,2,1,19,1,0,9.0
P. Kizzire,Patton Kizzire,2,2,20,0,0,9.0
P. Kizzire,Patton Kizzire,2,3,21,-1,-1,9.0
P. Kizzire,Patton Kizzire,2,4,22,0,-1,9.0
P. Kizzire,Patton Kizzire,2,5,23,0,-1,9.0
P. Kizzire,Patton Kizzire,2,6,24,0,-1,9.0
P. Kizzire,Patton Kizzire,2,7,25,0,-1,9.0
P. Kizzire,Patton Kizzire,2,8,26,0,-1,9.0
P. Kizzire,Patton Kizzire,2,9,27,0,-1,9.0
P. Kizzire,Patton Kizzire,2,10,28,0,-1,9.0
P. Kizzire,Patton Kizzire,2,11,29,0,-1,9.0
P. Kizzire,Patton Kizzire,2,12,30,0,-1,8.0
P. Kizzire,Patton Kizzire,2,13,31,0,-1,8.0
P. Kizzire,Patton Kizzire,2,14,32,0,-1,8.0
P. Kizzire,Patton Kizzire,2,15,33,0,-1,8.0
P. Kizzire,Patton Kizzire,2,16,34,0,-1,9.0
P. Kizzire,Patton Kizzire,2,17,35,1,0,9.0
P. Kizzire,Patton Kizzire,2,18,36,0,0,9.0
P. Kizzire,Patton Kizzire,3,1,37,1,1,10.0
P. Kizzire,Patton Kizzire,3,2,38,0,1,10.0
P. Kizzire,Patton Kizzire,3,3,39,0,1,10.0
P. Kizzire,Patton Kizzire,3,4,40,0,1,9.0
P. Kizzire,Patton Kizzire,3,5,41,0,1,9.0
P. Kizzire,Patton Kizzire,3,6,42,0,1,9.0
P. Kizzire,Patton Kizzire,3,7,43,0,1,9.0
P. Kizzire,Patton Kizzire,3,8,44,0,1,9.0
P. Kizzire,Patton Kizzire,3,9,45,0,1,9.0
P. Kizzire,Patton Kizzire,3,10,46,0,1,9.0
P. Kizzire,Patton Kizzire,3,11,47,0,1,9.0
P. Kizzire,Patton Kizzire,3,12,48,0,1,9.0
P. Kizzire,Patton Kizzire,3,13,49,0,1,10.0
P. Kizzire,Patton Kizzire,3,14,50,0,1,10.0
P. Kizzire,Patton Kizzire,3,15,51,0,1,10.0
P. Kizzire,Patton Kizzire,3,16,52,0,1,10.0
P. Kizzire,Patton Kizzire,3,17,53,0,1,10.0
P. Kizzire,Patton Kizzire,3,18,54,0,1,10.0
P. Kizzire,Patton Kizzire,4,1,55,0,1,10.0
P. Kizzire,Patton Kizzire,4,2,56,-1,0,9.0
P. Kizzire,Patton Kizzire,4,3,57,0,0,10.0
P. Kizzire,Patton Kizzire,4,4,58,0,0,10.0
P. Kizzire,Patton Kizzire,4,5,59,0,0,10.0
P. Kizzire,Patton Kizzire,4,6,60,0,0,10.0
P. Kizzire,Patton Kizzire,4,7,61,1,1,10.0
P. Kizzire,Patton Kizzire,4,8,62,-1,0,10.0
P. Kizzire,Patton Kizzire,4,9,63,-1,-1,10.0
P. Kizzire,Patton Kizzire,4,10,64,0,-1,10.0
P. Kizzire,Patton Kizzire,4,11,65,-1,-2,9.0
P. Kizzire,Patton Kizzire,4,12,66,-1,-3,9.0
P. Kizzire,Patton Kizzire,4,13,67,0,-3,8.0
P. Kizzire,Patton Kizzire,4,14,68,0,-3,8.0
P. Kizzire,Patton Kizzire,4,15,69,-1,-4,8.0
P. Kizzire,Patton Kizzire,4,16,70,0,-4,8.0
P. Kizzire,Patton Kizzire,4,17,71,0,-4,8.0
P. Kizzire,Patton Kizzire,4,18,72,1,-3,9.0
N. Hojgaard,Nicolai Hojgaard,1,1,1,0,0,9.0
N. Hojgaard,Nicolai Hojgaard,1,2,2,0,0,8.0
N. Hojgaard,Nicolai Hojgaard,1,3,3,-1,-1,3.0
N. Hojgaard,Nicolai Hojgaard,1,4,4,0,-1,4.0
N. Hojgaard,Nicolai Hojgaard,1,5,5,0,-1,5.0
N. Hojgaard,Nicolai Hojgaard,1,6,6,0,-1,5.0
N. Hojgaard,Nicolai Hojgaard,1,7,7,0,-1,5.0
N. Hojgaard,Nicolai Hojgaard,1,8,8,0,-1,6.0
N. Hojgaard,Nicolai Hojgaard,1,9,9,-1,-2,3.0
N. Hojgaard,Nicolai Hojgaard,1,10,10,-1,-3,2.0
N. Hojgaard,Nicolai Hojgaard,1,11,11,-1,-4,1.0
N. Hojgaard,Nicolai Hojgaard,1,12,12,0,-4,2.0
N. Hojgaard,Nicolai Hojgaard,1,13,13,0,-4,3.0
N. Hojgaard,Nicolai Hojgaard,1,14,14,0,-4,4.0
N. Hojgaard,Nicolai Hojgaard,1,15,15,-1,-5,2.0
N. Hojgaard,Nicolai Hojgaard,1,16,16,-1,-6,2.0
N. Hojgaard,Nicolai Hojgaard,1,17,17,0,-6,2.0
N. Hojgaard,Nicolai Hojgaard,1,18,18,0,-6,2.0
N. Hojgaard,Nicolai Hojgaard,2,1,19,2,-4,2.0
N. Hojgaard,Nicolai Hojgaard,2,2,20,0,-4,2.0
N. Hojgaard,Nicolai Hojgaard,2,3,21,0,-4,3.0
N. Hojgaard,Nicolai Hojgaard,2,4,22,0,-4,4.0
N. Hojgaard,Nicolai Hojgaard,2,5,23,1,-3,5.0
N. Hojgaard,Nicolai Hojgaard,2,6,24,0,-3,6.0
N. Hojgaard,Nicolai Hojgaard,2,7,25,2,-1,8.0
N. Hojgaard,Nicolai Hojgaard,2,8,26,0,-1,8.0
N. Hojgaard,Nicolai Hojgaard,2,9,27,0,-1,8.0
N. Hojgaard,Nicolai Hojgaard,2,10,28,0,-1,8.0
N. Hojgaard,Nicolai Hojgaard,2,11,29,0,-1,8.0
N. Hojgaard,Nicolai Hojgaard,2,12,30,0,-1,7.0
N. Hojgaard,Nicolai Hojgaard,2,13,31,-1,-2,7.0
N. Hojgaard,Nicolai Hojgaard,2,14,32,-1,-3,6.0
N. Hojgaard,Nicolai Hojgaard,2,15,33,0,-3,6.0
N. Hojgaard,Nicolai Hojgaard,2,16,34,0,-3,6.0
N. Hojgaard,Nicolai Hojgaard,2,17,35,0,-3,6.0
N. Hojgaard,Nicolai Hojgaard,2,18,36,0,-3,6.0
N. Hojgaard,Nicolai Hojgaard,3,1,37,0,-3,7.0
N. Hojgaard,Nicolai Hojgaard,3,2,38,2,-1,8.0
N. Hojgaard,Nicolai Hojgaard,3,3,39,0,-1,7.0
N. Hojgaard,Nicolai Hojgaard,3,4,40,-1,-2,7.0
N. Hojgaard,Nicolai Hojgaard,3,5,41,0,-2,7.0
N. Hojgaard,Nicolai Hojgaard,3,6,42,0,-2,7.0
N. Hojgaard,Nicolai Hojgaard,3,7,43,0,-2,7.0
N. Hojgaard,Nicolai Hojgaard,3,8,44,0,-2,7.0
N. Hojgaard,Nicolai Hojgaard,3,9,45,0,-2,7.0
N. Hojgaard,Nicolai Hojgaard,3,10,46,0,-2,7.0
N. Hojgaard,Nicolai Hojgaard,3,11,47,0,-2,8.0
N. Hojgaard,Nicolai Hojgaard,3,12,48,0,-2,8.0
N. Hojgaard,Nicolai Hojgaard,3,13,49,0,-2,8.0
N. Hojgaard,Nicolai Hojgaard,3,14,50,-1,-3,7.0
N. Hojgaard,Nicolai Hojgaard,3,15,51,0,-3,7.0
N. Hojgaard,Nicolai Hojgaard,3,16,52,1,-2,8.0
N. Hojgaard,Nicolai Hojgaard,3,17,53,0,-2,8.0
N. Hojgaard,Nicolai Hojgaard,3,18,54,0,-2,8.0
N. Hojgaard,Nicolai Hojgaard,4,1,55,-1,-3,8.0
N. Hojgaard,Nicolai Hojgaard,4,2,56,0,-3,8.0
N. Hojgaard,Nicolai Hojgaard,4,3,57,0,-3,8.0
N. Hojgaard,Nicolai Hojgaard,4,4,58,0,-3,8.0
N. Hojgaard,Nicolai Hojgaard,4,5,59,0,-3,8.0
N. Hojgaard,Nicolai Hojgaard,4,6,60,0,-3,8.0
N. Hojgaard,Nicolai Hojgaard,4,7,61,-1,-4,7.0
N. Hojgaard,Nicolai Hojgaard,4,8,62,0,-4,8.0
N. Hojgaard,Nicolai Hojgaard,4,9,63,-1,-5,6.0
N. Hojgaard,Nicolai Hojgaard,4,10,64,1,-4,8.0
N. Hojgaard,Nicolai Hojgaard,4,11,65,0,-4,8.0
N. Hojgaard,Nicolai Hojgaard,4,12,66,-1,-5,6.0
N. Hojgaard,Nicolai Hojgaard,4,13,67,-1,-6,6.0
N. Hojgaard,Nicolai Hojgaard,4,14,68,0,-6,6.0
N. Hojgaard,Nicolai Hojgaard,4,15,69,-1,-7,6.0
N. Hojgaard,Nicolai Hojgaard,4,16,70,0,-7,6.0
N. Hojgaard,Nicolai Hojgaard,4,17,71,0,-7,6.0
N. Hojgaard,Nicolai Hojgaard,4,18,72,0,-7,6.0
K. Yu,Kevin Yu,1,1,1,0,0,8.0
K. Yu,Kevin Yu,1,2,2,0,0,7.0
K. Yu,Kevin Yu,1,3,3,0,0,9.0
K. Yu,Kevin Yu,1,4,4,0,0,10.0
K. Yu,Kevin Yu,1,5,5,-1,-1,4.0
K. Yu,Kevin Yu,1,6,6,0,-1,4.0
K. Yu,Kevin Yu,1,7,7,0,-1,4.0
K. Yu,Kevin Yu,1,8,8,-1,-2,2.0
K. Yu,Kevin Yu,1,9,9,0,-2,2.0
K. Yu,Kevin Yu,1,10,10,0,-2,5.0
K. Yu,Kevin Yu,1,11,11,-1,-3,4.0
K. Yu,Kevin Yu,1,12,12,-1,-4,1.0
K. Yu,Kevin Yu,1,13,13,0,-4,2.0
K. Yu,Kevin Yu,1,14,14,0,-4,3.0
K. Yu,Kevin Yu,1,15,15,0,-4,4.0
K. Yu,Kevin Yu,1,16,16,0,-4,3.0
K. Yu,Kevin Yu,1,17,17,1,-3,5.0
K. Yu,Kevin Yu,1,18,18,0,-3,4.0
K. Yu,Kevin Yu,2,1,19,0,-3,4.0
K. Yu,Kevin Yu,2,2,20,0,-3,4.0
K. Yu,Kevin Yu,2,3,21,0,-3,5.0
K. Yu,Kevin Yu,2,4,22,-1,-4,3.0
K. Yu,Kevin Yu,2,5,23,0,-4,3.0
K. Yu,Kevin Yu,2,6,24,0,-4,3.0
K. Yu,Kevin Yu,2,7,25,0,-4,4.0
K. Yu,Kevin Yu,2,8,26,0,-4,4.0
K. Yu,Kevin Yu,2,9,27,0,-4,3.0
K. Yu,Kevin Yu,2,10,28,0,-4,3.0
K. Yu,Kevin Yu,2,11,29,0,-4,3.0
K. Yu,Kevin Yu,2,12,30,0,-4,3.0
K. Yu,Kevin Yu,2,13,31,-1,-5,3.0
K. Yu,Kevin Yu,2,14,32,0,-5,3.0
K. Yu,Kevin Yu,2,15,33,1,-4,3.0
K. Yu,Kevin Yu,2,16,34,0,-4,3.0
K. Yu,Kevin Yu,2,17,35,-1,-5,3.0
K. Yu,Kevin Yu,2,18,36,0,-5,3.0
K. Yu,Kevin Yu,3,1,37,0,-5,3.0
K. Yu,Kevin Yu,3,2,38,0,-5,4.0
K. Yu,Kevin Yu,3,3,39,0,-5,4.0
K. Yu,Kevin Yu,3,4,40,0,-5,3.0
K. Yu,Kevin Yu,3,5,41,-1,-6,3.0
K. Yu,Kevin Yu,3,6,42,-1,-7,3.0
K. Yu,Kevin Yu,3,7,43,0,-7,3.0
K. Yu,Kevin Yu,3,8,44,0,-7,3.0
K. Yu,Kevin Yu,3,9,45,-1,-8,3.0
K. Yu,Kevin Yu,3,10,46,0,-8,3.0
K. Yu,Kevin Yu,3,11,47,2,-6,4.0
K. Yu,Kevin Yu,3,12,48,1,-5,5.0
K. Yu,Kevin Yu,3,13,49,0,-5,5.0
K. Yu,Kevin Yu,3,14,50,0,-5,5.0
K. Yu,Kevin Yu,3,15,51,0,-5,5.0
K. Yu,Kevin Yu,3,16,52,0,-5,5.0
K. Yu,Kevin Yu,3,17,53,-1,-6,4.0
K. Yu,Kevin Yu,3,18,54,0,-6,4.0
K. Yu,Kevin Yu,4,1,55,0,-6,4.0
K. Yu,Kevin Yu,4,2,56,0,-6,4.0
K. Yu,Kevin Yu,4,3,57,-1,-7,4.0
K. Yu,Kevin Yu,4,4,58,0,-7,5.0
K. Yu,Kevin Yu,4,5,59,0,-7,5.0
K. Yu,Kevin Yu,4,6,60,-1,-8,4.0
K. Yu,Kevin Yu,4,7,61,0,-8,4.0
K. Yu,Kevin Yu,4,8,62,0,-8,4.0
K. Yu,Kevin Yu,4,9,63,0,-8,5.0
K. Yu,Kevin Yu,4,10,64,0,-8,5.0
K. Yu,Kevin Yu,4,11,65,-1,-9,4.0
K. Yu,Kevin Yu,4,12,66,-1,-10,4.0
K. Yu,Kevin Yu,4,13,67,0,-10,4.0
K. Yu,Kevin Yu,4,14,68,0,-10,4.0
K. Yu,Kevin Yu,4,15,69,0,-10,4.0
K. Yu,Kevin Yu,4,16,70,-1,-11,4.0
K. Yu,Kevin Yu,4,17,71,0,-11,4.0
K. Yu,Kevin Yu,4,18,72,0,-11,4.0
Z. Johnson,Zach Johnson,1,1,1,-1,-1,3.0
Z. Johnson,Zach Johnson,1,2,2,1,0,12.0
Z. Johnson,Zach Johnson,1,3,3,2,2,12.0
Z. Johnson,Zach Johnson,1,4,4,-1,1,12.0
Z. Johnson,Zach Johnson,1,5,5,0,1,12.0
Z. Johnson,Zach Johnson,1,6,6,1,2,12.0
Z. Johnson,Zach Johnson,1,7,7,1,3,12.0
Z. Johnson,Zach Johnson,1,8,8,1,4,12.0
Z. Johnson,Zach Johnson,1,9,9,-1,3,12.0
Z. Johnson,Zach Johnson,1,10,10,2,5,12.0
Z. Johnson,Zach Johnson,1,11,11,1,6,12.0
Z. Johnson,Zach Johnson,1,12,12,-1,5,12.0
Z. Johnson,Zach Johnson,1,13,13,2,7,12.0
Z. Johnson,Zach Johnson,1,14,14,0,7,12.0
Z. Johnson,Zach Johnson,1,15,15,0,7,12.0
Z. Johnson,Zach Johnson,1,16,16,0,7,12.0
Z. Johnson,Zach Johnson,1,17,17,0,7,12.0
Z. Johnson,Zach Johnson,1,18,18,0,7,12.0
Z. Johnson,Zach Johnson,2,1,19,0,7,12.0
Z. Johnson,Zach Johnson,2,2,20,-1,6,12.0
Z. Johnson,Zach Johnson,2,3,21,0,6,12.0
Z. Johnson,Zach Johnson,2,4,22,0,6,12.0
Z. Johnson,Zach Johnson,2,5,23,-1,5,12.0
Z. Johnson,Zach Johnson,2,6,24,0,5,12.0
Z. Johnson,Zach Johnson,2,7,25,0,5,12.0
Z. Johnson,Zach Johnson,2,8,26,0,5,12.0
Z. Johnson,Zach Johnson,2,9,27,0,5,12.0
Z. Johnson,Zach Johnson,2,10,28,-1,4,12.0
Z. Johnson,Zach Johnson,2,11,29,0,4,12.0
Z. Johnson,Zach Johnson,2,12,30,0,4,12.0
Z. Johnson,Zach Johnson,2,13,31,-1,3,12.0
Z. Johnson,Zach Johnson,2,14,32,2,5,12.0
Z. Johnson,Zach Johnson,2,15,33,0,5,12.0
Z. Johnson,Zach Johnson,2,16,34,0,5,12.0
Z. Johnson,Zach Johnson,2,17,35,0,5,12.0
Z. Johnson,Zach Johnson,2,18,36,1,6,12.0
Z. Johnson,Zach Johnson,3,1,37,0,6,12.0
Z. Johnson,Zach Johnson,3,2,38,0,6,12.0
Z. Johnson,Zach Johnson,3,3,39,0,6,12.0
Z. Johnson,Zach Johnson,3,4,40,1,7,12.0
Z. Johnson,Zach Johnson,3,5,41,-1,6,12.0
Z. Johnson,Zach Johnson,3,6,42,1,7,12.0
Z. Johnson,Zach Johnson,3,7,43,0,7,12.0
Z. Johnson,Zach Johnson,3,8,44,-1,6,12.0
Z. Johnson,Zach Johnson,3,9,45,-1,5,12.0
Z. Johnson,Zach Johnson,3,10,46,2,7,12.0
Z. Johnson,Zach Johnson,3,11,47,0,7,12.0
Z. Johnson,Zach Johnson,3,12,48,1,8,12.0
Z. Johnson,Zach Johnson,3,13,49,-1,7,12.0
Z. Johnson,Zach Johnson,3,14,50,0,7,12.0
Z. Johnson,Zach Johnson,3,15,51,0,7,12.0
Z. Johnson,Zach Johnson,3,16,52,1,8,12.0
Z. Johnson,Zach Johnson,3,17,53,0,8,12.0
Z. Johnson,Zach Johnson,3,18,54,0,8,12.0
Z. Johnson,Zach Johnson,4,1,55,0,8,12.0
Z. Johnson,Zach Johnson,4,2,56,0,8,12.0
Z. Johnson,Zach Johnson,4,3,57,0,8,12.0
Z. Johnson,Zach Johnson,4,4,58,0,8,12.0
Z. Johnson,Zach Johnson,4,5,59,1,9,12.0
Z. Johnson,Zach Johnson,4,6,60,-1,8,12.0
Z. Johnson,Zach Johnson,4,7,61,0,8,12.0
Z. Johnson,Zach Johnson,4,8,62,1,9,12.0
Z. Johnson,Zach Johnson,4,9,63,-1,8,12.0
Z. Johnson,Zach Johnson,4,10,64,0,8,12.0
Z. Johnson,Zach Johnson,4,11,65,-1,7,12.0
Z. Johnson,Zach Johnson,4,12,66,0,7,12.0
Z. Johnson,Zach Johnson,4,13,67,-1,6,12.0
Z. Johnson,Zach Johnson,4,14,68,0,6,12.0
Z. Johnson,Zach Johnson,4,15,69,0,6,12.0
Z. Johnson,Zach Johnson,4,16,70,1,7,12.0
Z. Johnson,Zach Johnson,4,17,71,1,8,12.0
Z. Johnson,Zach Johnson,4,18,72,0,8,12.0
T. Fleetwood,Tommy Fleetwood,1,1,1,-1,-1,2.0
T. Fleetwood,Tommy Fleetwood,1,2,2,-1,-2,1.0
T. Fleetwood,Tommy Fleetwood,1,3,3,0,-2,1.0
T. Fleetwood,Tommy Fleetwood,1,4,4,0,-2,1.0
T. Fleetwood,Tommy Fleetwood,1,5,5,0,-2,1.0
T. Fleetwood,Tommy Fleetwood,1,6,6,0,-2,1.0
T. Fleetwood,Tommy Fleetwood,1,7,7,-1,-3,1.0
T. Fleetwood,Tommy Fleetwood,1,8,8,0,-3,1.0
T. Fleetwood,Tommy Fleetwood,1,9,9,0,-3,1.0
T. Fleetwood,Tommy Fleetwood,1,10,10,0,-3,4.0
T. Fleetwood,Tommy Fleetwood,1,11,11,-1,-4,2.0
T. Fleetwood,Tommy Fleetwood,1,12,12,0,-4,3.0
T. Fleetwood,Tommy Fleetwood,1,13,13,-1,-5,1.0
T. Fleetwood,Tommy Fleetwood,1,14,14,0,-5,2.0
T. Fleetwood,Tommy Fleetwood,1,15,15,-1,-6,1.0
T. Fleetwood,Tommy Fleetwood,1,16,16,-1,-7,1.0
T. Fleetwood,Tommy Fleetwood,1,17,17,0,-7,1.0
T. Fleetwood,Tommy Fleetwood,1,18,18,-1,-8,1.0
T. Fleetwood,Tommy Fleetwood,2,1,19,0,-8,1.0
T. Fleetwood,Tommy Fleetwood,2,2,20,0,-8,1.0
T. Fleetwood,Tommy Fleetwood,2,3,21,0,-8,1.0
T. Fleetwood,Tommy Fleetwood,2,4,22,0,-8,1.0
T. Fleetwood,Tommy Fleetwood,2,5,23,-1,-9,1.0
T. Fleetwood,Tommy Fleetwood,2,6,24,0,-9,1.0
T. Fleetwood,Tommy Fleetwood,2,7,25,0,-9,1.0
T. Fleetwood,Tommy Fleetwood,2,8,26,0,-9,1.0
T. Fleetwood,Tommy Fleetwood,2,9,27,-1,-10,1.0
T. Fleetwood,Tommy Fleetwood,2,10,28,0,-10,1.0
T. Fleetwood,Tommy Fleetwood,2,11,29,0,-10,1.0
T. Fleetwood,Tommy Fleetwood,2,12,30,0,-10,1.0
T. Fleetwood,Tommy Fleetwood,2,13,31,0,-10,1.0
T. Fleetwood,Tommy Fleetwood,2,14,32,0,-10,1.0
T. Fleetwood,Tommy Fleetwood,2,15,33,0,-10,1.0
T. Fleetwood,Tommy Fleetwood,2,16,34,2,-8,1.0
T. Fleetwood,Tommy Fleetwood,2,17,35,0,-8,2.0
T. Fleetwood,Tommy Fleetwood,2,18,36,-1,-9,1.0
T. Fleetwood,Tommy Fleetwood,3,1,37,-1,-10,1.0
T. Fleetwood,Tommy Fleetwood,3,2,38,0,-10,1.0
T. Fleetwood,Tommy Fleetwood,3,3,39,-1,-11,1.0
T. Fleetwood,Tommy Fleetwood,3,4,40,-1,-12,1.0
T. Fleetwood,Tommy Fleetwood,3,5,41,0,-12,1.0
T. Fleetwood,Tommy Fleetwood,3,6,42,0,-12,1.0
T. Fleetwood,Tommy Fleetwood,3,7,43,1,-11,1.0
T. Fleetwood,Tommy Fleetwood,3,8,44,0,-11,1.0
T. Fleetwood,Tommy Fleetwood,3,9,45,0,-11,1.0
T. Fleetwood,Tommy Fleetwood,3,10,46,0,-11,1.0
T. Fleetwood,Tommy Fleetwood,3,11,47,-1,-12,1.0
T. Fleetwood,Tommy Fleetwood,3,12,48,0,-12,1.0
T. Fleetwood,Tommy Fleetwood,3,13,49,0,-12,1.0
T. Fleetwood,Tommy Fleetwood,3,14,50,-1,-13,1.0
T. Fleetwood,Tommy Fleetwood,3,15,51,0,-13,1.0
T. Fleetwood,Tommy Fleetwood,3,16,52,0,-13,1.0
T. Fleetwood,Tommy Fleetwood,3,17,53,0,-13,1.0
T. Fleetwood,Tommy Fleetwood,3,18,54,-1,-14,1.0
T. Fleetwood,Tommy Fleetwood,4,1,55,0,-14,1.0
T. Fleetwood,Tommy Fleetwood,4,2,56,0,-14,1.0
T. Fleetwood,Tommy Fleetwood,4,3,57,0,-14,1.0
T. Fleetwood,Tommy Fleetwood,4,4,58,0,-14,1.0
T. Fleetwood,Tommy Fleetwood,4,5,59,0,-14,1.0
T. Fleetwood,Tommy Fleetwood,4,6,60,0,-14,1.0
T. Fleetwood,Tommy Fleetwood,4,7,61,0,-14,1.0
T. Fleetwood,Tommy Fleetwood,4,8,62,-1,-15,1.0
T. Fleetwood,Tommy Fleetwood,4,9,63,-1,-16,1.0
T. Fleetwood,Tommy Fleetwood,4,10,64,-1,-17,1.0
T. Fleetwood,Tommy Fleetwood,4,11,65,0,-17,1.0
T. Fleetwood,Tommy Fleetwood,4,12,66,0,-17,1.0
T. Fleetwood,Tommy Fleetwood,4,13,67,0,-17,1.0
T. Fleetwood,Tommy Fleetwood,4,14,68,0,-17,1.0
T. Fleetwood,Tommy Fleetwood,4,15,69,0,-17,1.0
T. Fleetwood,Tommy Fleetwood,4,16,70,-2,-19,1.0
T. Fleetwood,Tommy Fleetwood,4,17,71,0,-19,1.0
T. Fleetwood,Tommy Fleetwood,4,18,72,0,-19,1.0
S. Burns,Sam Burns,1,1,1,-1,-1,1.0
S. Burns,Sam Burns,1,2,2,0,-1,2.0
S. Burns,Sam Burns,1,3,3,0,-1,5.0
S. Burns,Sam Burns,1,4,4,1,0,11.0
S. Burns,Sam Burns,1,5,5,-1,-1,8.0
S. Burns,Sam Burns,1,6,6,0,-1,8.0
S. Burns,Sam Burns,1,7,7,0,-1,8.0
S. Burns,Sam Burns,1,8,8,-1,-2,3.0
S. Burns,Sam Burns,1,9,9,0,-2,4.0
S. Burns,Sam Burns,1,10,10,0,-2,6.0
S. Burns,Sam Burns,1,11,11,0,-2,7.0
S. Burns,Sam Burns,1,12,12,-1,-3,5.0
S. Burns,Sam Burns,1,13,13,-1,-4,4.0
S. Burns,Sam Burns,1,14,14,-1,-5,1.0
S. Burns,Sam Burns,1,15,15,0,-5,3.0
S. Burns,Sam Burns,1,16,16,2,-3,7.0
S. Burns,Sam Burns,1,17,17,0,-3,7.0
S. Burns,Sam Burns,1,18,18,0,-3,6.0
S. Burns,Sam Burns,2,1,19,0,-3,6.0
S. Burns,Sam Burns,2,2,20,0,-3,6.0
S. Burns,Sam Burns,2,3,21,1,-2,7.0
S. Burns,Sam Burns,2,4,22,0,-2,7.0
S. Burns,Sam Burns,2,5,23,0,-2,7.0
S. Burns,Sam Burns,2,6,24,-2,-4,4.0
S. Burns,Sam Burns,2,7,25,-1,-5,3.0
S. Burns,Sam Burns,2,8,26,-1,-6,3.0
S. Burns,Sam Burns,2,9,27,2,-4,4.0
S. Burns,Sam Burns,2,10,28,0,-4,4.0
S. Burns,Sam Burns,2,11,29,2,-2,7.0
S. Burns,Sam Burns,2,12,30,2,0,9.0
S. Burns,Sam Burns,2,13,31,-1,-1,9.0
S. Burns,Sam Burns,2,14,32,0,-1,9.0
S. Burns,Sam Burns,2,15,33,0,-1,9.0
S. Burns,Sam Burns,2,16,34,-1,-2,8.0
S. Burns,Sam Burns,2,17,35,-1,-3,8.0
S. Burns,Sam Burns,2,18,36,0,-3,8.0
S. Burns,Sam Burns,3,1,37,-1,-4,5.0
S. Burns,Sam Burns,3,2,38,0,-4,5.0
S. Burns,Sam Burns,3,3,39,-1,-5,5.0
S. Burns,Sam Burns,3,4,40,0,-5,4.0
S. Burns,Sam Burns,3,5,41,0,-5,4.0
S. Burns,Sam Burns,3,6,42,0,-5,4.0
S. Burns,Sam Burns,3,7,43,0,-5,4.0
S. Burns,Sam Burns,3,8,44,-1,-6,4.0
S. Burns,Sam Burns,3,9,45,0,-6,4.0
S. Burns,Sam Burns,3,10,46,-1,-7,4.0
S. Burns,Sam Burns,3,11,47,-1,-8,3.0
S. Burns,Sam Burns,3,12,48,0,-8,3.0
S. Burns,Sam Burns,3,13,49,0,-8,3.0
S. Burns,Sam Burns,3,14,50,0,-8,3.0
S. Burns,Sam Burns,3,15,51,0,-8,3.0
S. Burns,Sam Burns,3,16,52,0,-8,3.0
S. Burns,Sam Burns,3,17,53,0,-8,3.0
S. Burns,Sam Burns,3,18,54,-1,-9,3.0
S. Burns,Sam Burns,4,1,55,-2,-11,3.0
S. Burns,Sam Burns,4,2,56,0,-11,3.0
S. Burns,Sam Burns,4,3,57,0,-11,3.0
S. Burns,Sam Burns,4,4,58,0,-11,3.0
S. Burns,Sam Burns,4,5,59,-1,-12,3.0
S. Burns,Sam Burns,4,6,60,0,-12,3.0
S. Burns,Sam Burns,4,7,61,0,-12,3.0
S. Burns,Sam Burns,4,8,62,0,-12,3.0
S. Burns,Sam Burns,4,9,63,0,-12,3.0
S. Burns,Sam Burns,4,10,64,0,-12,3.0
S. Burns,Sam Burns,4,11,65,-1,-13,3.0
S. Burns,Sam Burns,4,12,66,0,-13,3.0
S. Burns,Sam Burns,4,13,67,0,-13,3.0
S. Burns,Sam Burns,4,14,68,0,-13,3.0
S. Burns,Sam Burns,4,15,69,0,-13,3.0
S. Burns,Sam Burns,4,16,70,-1,-14,3.0
S. Burns,Sam Burns,4,17,71,1,-13,3.0
S. Burns,Sam Burns,4,18,72,0,-13,3.0
S. Scheffler,Scottie Scheffler,1,1,1,0,0,12.0
S. Scheffler,Scottie Scheffler,1,2,2,0,0,11.0
S. Scheffler,Scottie Scheffler,1,3,3,0,0,11.0
S. Scheffler,Scottie Scheffler,1,4,4,-1,-1,7.0
S. Scheffler,Scottie Scheffler,1,5,5,0,-1,9.0
S. Scheffler,Scottie Scheffler,1,6,6,0,-1,9.0
S. Scheffler,Scottie Scheffler,1,7,7,0,-1,9.0
S. Scheffler,Scottie Scheffler,1,8,8,0,-1,9.0
S. Scheffler,Scottie Scheffler,1,9,9,-1,-2,5.0
S. Scheffler,Scottie Scheffler,1,10,10,-1,-3,3.0
S. Scheffler,Scottie Scheffler,1,11,11,0,-3,5.0
S. Scheffler,Scottie Scheffler,1,12,12,0,-3,6.0
S. Scheffler,Scottie Scheffler,1,13,13,0,-3,7.0
S. Scheffler,Scottie Scheffler,1,14,14,-1,-4,5.0
S. Scheffler,Scottie Scheffler,1,15,15,0,-4,5.0
S. Scheffler,Scottie Scheffler,1,16,16,0,-4,4.0
S. Scheffler,Scottie Scheffler,1,17,17,0,-4,3.0
S. Scheffler,Scottie Scheffler,1,18,18,2,-2,8.0
S. Scheffler,Scottie Scheffler,2,1,19,1,-1,8.0
S. Scheffler,Scottie Scheffler,2,2,20,-1,-2,8.0
S. Scheffler,Scottie Scheffler,2,3,21,0,-2,8.0
S. Scheffler,Scottie Scheffler,2,4,22,0,-2,8.0
S. Scheffler,Scottie Scheffler,2,5,23,0,-2,8.0
S. Scheffler,Scottie Scheffler,2,6,24,0,-2,8.0
S. Scheffler,Scottie Scheffler,2,7,25,0,-2,7.0
S. Scheffler,Scottie Scheffler,2,8,26,-1,-3,6.0
S. Scheffler,Scottie Scheffler,2,9,27,-1,-4,5.0
S. Scheffler,Scottie Scheffler,2,10,28,0,-4,5.0
S. Scheffler,Scottie Scheffler,2,11,29,0,-4,4.0
S. Scheffler,Scottie Scheffler,2,12,30,0,-4,4.0
S. Scheffler,Scottie Scheffler,2,13,31,1,-3,6.0
S. Scheffler,Scottie Scheffler,2,14,32,-1,-4,4.0
S. Scheffler,Scottie Scheffler,2,15,33,0,-4,4.0
S. Scheffler,Scottie Scheffler,2,16,34,0,-4,4.0
S. Scheffler,Scottie Scheffler,2,17,35,0,-4,4.0
S. Scheffler,Scottie Scheffler,2,18,36,-1,-5,4.0
S. Scheffler,Scottie Scheffler,3,1,37,0,-5,4.0
S. Scheffler,Scottie Scheffler,3,2,38,-1,-6,3.0
S. Scheffler,Scottie Scheffler,3,3,39,0,-6,3.0
S. Scheffler,Scottie Scheffler,3,4,40,1,-5,5.0
S. Scheffler,Scottie Scheffler,3,5,41,0,-5,5.0
S. Scheffler,Scottie Scheffler,3,6,42,0,-5,5.0
S. Scheffler,Scottie Scheffler,3,7,43,0,-5,5.0
S. Scheffler,Scottie Scheffler,3,8,44,0,-5,5.0
S. Scheffler,Scottie Scheffler,3,9,45,0,-5,5.0
S. Scheffler,Scottie Scheffler,3,10,46,0,-5,5.0
S. Scheffler,Scottie Scheffler,3,11,47,-1,-6,5.0
S. Scheffler,Scottie Scheffler,3,12,48,0,-6,4.0
S. Scheffler,Scottie Scheffler,3,13,49,0,-6,4.0
S. Scheffler,Scottie Scheffler,3,14,50,0,-6,4.0
S. Scheffler,Scottie Scheffler,3,15,51,0,-6,4.0
S. Scheffler,Scottie Scheffler,3,16,52,0,-6,4.0
S. Scheffler,Scottie Scheffler,3,17,53,0,-6,5.0
S. Scheffler,Scottie Scheffler,3,18,54,0,-6,5.0
S. Scheffler,Scottie Scheffler,4,1,55,0,-6,5.0
S. Scheffler,Scottie Scheffler,4,2,56,0,-6,5.0
S. Scheffler,Scottie Scheffler,4,3,57,-1,-7,5.0
S. Scheffler,Scottie Scheffler,4,4,58,-1,-8,4.0
S. Scheffler,Scottie Scheffler,4,5,59,0,-8,4.0
S. Scheffler,Scottie Scheffler,4,6,60,0,-8,5.0
S. Scheffler,Scottie Scheffler,4,7,61,0,-8,5.0
S. Scheffler,Scottie Scheffler,4,8,62,0,-8,5.0
S. Scheffler,Scottie Scheffler,4,9,63,-1,-9,4.0
S. Scheffler,Scottie Scheffler,4,10,64,0,-9,4.0
S. Scheffler,Scottie Scheffler,4,11,65,1,-8,5.0
S. Scheffler,Scottie Scheffler,4,12,66,0,-8,5.0
S. Scheffler,Scottie Scheffler,4,13,67,0,-8,5.0
S. Scheffler,Scottie Scheffler,4,14,68,0,-8,5.0
S. Scheffler,Scottie Scheffler,4,15,69,0,-8,5.0
S. Scheffler,Scottie Scheffler,4,16,70,-1,-9,5.0
S. Scheffler,Scottie Scheffler,4,17,71,0,-9,5.0
S. Scheffler,Scottie Scheffler,4,18,72,0,-9,5.0
R. McIlroy,Rory McIlroy,1,1,1,0,0,11.0
R. McIlroy,Rory McIlroy,1,2,2,0,0,10.0
R. McIlroy,Rory McIlroy,1,3,3,0,0,10.0
R. McIlroy,Rory McIlroy,1,4,4,-1,-1,6.0
R. McIlroy,Rory McIlroy,1,5,5,0,-1,7.0
R. McIlroy,Rory McIlroy,1,6,6,0,-1,7.0
R. McIlroy,Rory McIlroy,1,7,7,0,-1,7.0
R. McIlroy,Rory McIlroy,1,8,8,0,-1,8.0
R. McIlroy,Rory McIlroy,1,9,9,0,-1,9.0
R. McIlroy,Rory McIlroy,1,10,10,0,-1,9.0
R. McIlroy,Rory McIlroy,1,11,11,0,-1,9.0
R. McIlroy,Rory McIlroy,1,12,12,0,-1,9.0
R. McIlroy,Rory McIlroy,1,13,13,0,-1,9.0
R. McIlroy,Rory McIlroy,1,14,14,0,-1,9.0
R. McIlroy,Rory McIlroy,1,15,15,-1,-2,7.0
R. McIlroy,Rory McIlroy,1,16,16,-1,-3,6.0
R. McIlroy,Rory McIlroy,1,17,17,0,-3,6.0
R. McIlroy,Rory McIlroy,1,18,18,0,-3,5.0
R. McIlroy,Rory McIlroy,2,1,19,0,-3,5.0
R. McIlroy,Rory McIlroy,2,2,20,0,-3,5.0
R. McIlroy,Rory McIlroy,2,3,21,0,-3,6.0
R. McIlroy,Rory McIlroy,2,4,22,0,-3,6.0
R. McIlroy,Rory McIlroy,2,5,23,0,-3,6.0
R. McIlroy,Rory McIlroy,2,6,24,1,-2,7.0
R. McIlroy,Rory McIlroy,2,7,25,0,-2,6.0
R. McIlroy,Rory McIlroy,2,8,26,0,-2,7.0
R. McIlroy,Rory McIlroy,2,9,27,0,-2,7.0
R. McIlroy,Rory McIlroy,2,10,28,0,-2,7.0
R. McIlroy,Rory McIlroy,2,11,29,0,-2,6.0
R. McIlroy,Rory McIlroy,2,12,30,-1,-3,6.0
R. McIlroy,Rory McIlroy,2,13,31,0,-3,5.0
R. McIlroy,Rory McIlroy,2,14,32,0,-3,7.0
R. McIlroy,Rory McIlroy,2,15,33,0,-3,7.0
R. McIlroy,Rory McIlroy,2,16,34,0,-3,7.0
R. McIlroy,Rory McIlroy,2,17,35,0,-3,7.0
R. McIlroy,Rory McIlroy,2,18,36,0,-3,7.0
R. McIlroy,Rory McIlroy,3,1,37,1,-2,8.0
R. McIlroy,Rory McIlroy,3,2,38,0,-2,7.0
R. McIlroy,Rory McIlroy,3,3,39,1,-1,8.0
R. McIlroy,Rory McIlroy,3,4,40,0,-1,8.0
R. McIlroy,Rory McIlroy,3,5,41,0,-1,8.0
R. McIlroy,Rory McIlroy,3,6,42,-1,-2,8.0
R. McIlroy,Rory McIlroy,3,7,43,0,-2,8.0
R. McIlroy,Rory McIlroy,3,8,44,0,-2,8.0
R. McIlroy,Rory McIlroy,3,9,45,0,-2,8.0
R. McIlroy,Rory McIlroy,3,10,46,0,-2,8.0
R. McIlroy,Rory McIlroy,3,11,47,-1,-3,7.0
R. McIlroy,Rory McIlroy,3,12,48,0,-3,7.0
R. McIlroy,Rory McIlroy,3,13,49,0,-3,7.0
R. McIlroy,Rory McIlroy,3,14,50,0,-3,8.0
R. McIlroy,Rory McIlroy,3,15,51,0,-3,8.0
R. McIlroy,Rory McIlroy,3,16,52,0,-3,7.0
R. McIlroy,Rory McIlroy,3,17,53,-1,-4,7.0
R. McIlroy,Rory McIlroy,3,18,54,-1,-5,6.0
R. McIlroy,Rory McIlroy,4,1,55,0,-5,6.0
R. McIlroy,Rory McIlroy,4,2,56,0,-5,6.0
R. McIlroy,Rory McIlroy,4,3,57,0,-5,6.0
R. McIlroy,Rory McIlroy,4,4,58,0,-5,6.0
R. McIlroy,Rory McIlroy,4,5,59,0,-5,6.0
R. McIlroy,Rory McIlroy,4,6,60,0,-5,6.0
R. McIlroy,Rory McIlroy,4,7,61,0,-5,6.0
R. McIlroy,Rory McIlroy,4,8,62,0,-5,6.0
R. McIlroy,Rory McIlroy,4,9,63,0,-5,7.0
R. McIlroy,Rory McIlroy,4,10,64,0,-5,6.0
R. McIlroy,Rory McIlroy,4,11,65,0,-5,6.0
R. McIlroy,Rory McIlroy,4,12,66,0,-5,7.0
R. McIlroy,Rory McIlroy,4,13,67,2,-3,9.0
R. McIlroy,Rory McIlroy,4,14,68,0,-3,9.0
R. McIlroy,Rory McIlroy,4,15,69,0,-3,9.0
R. McIlroy,Rory McIlroy,4,16,70,0,-3,9.0
R. McIlroy,Rory McIlroy,4,17,71,-1,-4,9.0
R. McIlroy,Rory McIlroy,4,18,72,0,-4,8.0
B. DeChambeau,Bryson DeChambeau,1,1,1,0,0,4.0
B. DeChambeau,Bryson DeChambeau,1,2,2,0,0,3.0
B. DeChambeau,Bryson DeChambeau,1,3,3,0,0,6.0
B. DeChambeau,Bryson DeChambeau,1,4,4,0,0,8.0
B. DeChambeau,Bryson DeChambeau,1,5,5,0,0,10.0
B. DeChambeau,Bryson DeChambeau,1,6,6,2,2,11.0
B. DeChambeau,Bryson DeChambeau,1,7,7,1,3,11.0
B. DeChambeau,Bryson DeChambeau,1,8,8,0,3,11.0
B. DeChambeau,Bryson DeChambeau,1,9,9,-1,2,11.0
B. DeChambeau,Bryson DeChambeau,1,10,10,0,2,11.0
B. DeChambeau,Bryson DeChambeau,1,11,11,0,2,10.0
B. DeChambeau,Bryson DeChambeau,1,12,12,0,2,11.0
B. DeChambeau,Bryson DeChambeau,1,13,13,0,2,11.0
B. DeChambeau,Bryson DeChambeau,1,14,14,0,2,11.0
B. DeChambeau,Bryson DeChambeau,1,15,15,0,2,10.0
B. DeChambeau,Bryson DeChambeau,1,16,16,-1,1,10.0
B. DeChambeau,Bryson DeChambeau,1,17,17,0,1,10.0
B. DeChambeau,Bryson DeChambeau,1,18,18,0,1,10.0
B. DeChambeau,Bryson DeChambeau,2,1,19,0,1,10.0
B. DeChambeau,Bryson DeChambeau,2,2,20,0,1,10.0
B. DeChambeau,Bryson DeChambeau,2,3,21,0,1,10.0
B. DeChambeau,Bryson DeChambeau,2,4,22,0,1,10.0
B. DeChambeau,Bryson DeChambeau,2,5,23,0,1,10.0
B. DeChambeau,Bryson DeChambeau,2,6,24,0,1,11.0
B. DeChambeau,Bryson DeChambeau,2,7,25,0,1,10.0
B. DeChambeau,Bryson DeChambeau,2,8,26,0,1,10.0
B. DeChambeau,Bryson DeChambeau,2,9,27,1,2,11.0
B. DeChambeau,Bryson DeChambeau,2,10,28,0,2,11.0
B. DeChambeau,Bryson DeChambeau,2,11,29,0,2,10.0
B. DeChambeau,Bryson DeChambeau,2,12,30,-1,1,10.0
B. DeChambeau,Bryson DeChambeau,2,13,31,1,2,11.0
B. DeChambeau,Bryson DeChambeau,2,14,32,1,3,11.0
B. DeChambeau,Bryson DeChambeau,2,15,33,0,3,11.0
B. DeChambeau,Bryson DeChambeau,2,16,34,-1,2,11.0
B. DeChambeau,Bryson DeChambeau,2,17,35,0,2,11.0
B. DeChambeau,Bryson DeChambeau,2,18,36,1,3,11.0
B. DeChambeau,Bryson DeChambeau,3,1,37,-1,2,11.0
B. DeChambeau,Bryson DeChambeau,3,2,38,-1,1,9.0
B. DeChambeau,Bryson DeChambeau,3,3,39,-1,0,9.0
B. DeChambeau,Bryson DeChambeau,3,4,40,2,2,10.0
B. DeChambeau,Bryson DeChambeau,3,5,41,0,2,10.0
B. DeChambeau,Bryson DeChambeau,3,6,42,0,2,10.0
B. DeChambeau,Bryson DeChambeau,3,7,43,1,3,10.0
B. DeChambeau,Bryson DeChambeau,3,8,44,0,3,10.0
B. DeChambeau,Bryson DeChambeau,3,9,45,0,3,10.0
B. DeChambeau,Bryson DeChambeau,3,10,46,0,3,10.0
B. DeChambeau,Bryson DeChambeau,3,11,47,-1,2,10.0
B. DeChambeau,Bryson DeChambeau,3,12,48,0,2,10.0
B. DeChambeau,Bryson DeChambeau,3,13,49,-1,1,9.0
B. DeChambeau,Bryson DeChambeau,3,14,50,0,1,9.0
B. DeChambeau,Bryson DeChambeau,3,15,51,0,1,9.0
B. DeChambeau,Bryson DeChambeau,3,16,52,0,1,9.0
B. DeChambeau,Bryson DeChambeau,3,17,53,0,1,9.0
B. DeChambeau,Bryson DeChambeau,3,18,54,0,1,9.0
B. DeChambeau,Bryson DeChambeau,4,1,55,0,1,9.0
B. DeChambeau,Bryson DeChambeau,4,2,56,0,1,10.0
B. DeChambeau,Bryson DeChambeau,4,3,57,-1,0,9.0
B. DeChambeau,Bryson DeChambeau,4,4,58,-1,-1,9.0
B. DeChambeau,Bryson DeChambeau,4,5,59,0,-1,9.0
B. DeChambeau,Bryson DeChambeau,4,6,60,0,-1,9.0
B. DeChambeau,Bryson DeChambeau,4,7,61,0,-1,9.0
B. DeChambeau,Bryson DeChambeau,4,8,62,0,-1,9.0
B. DeChambeau,Bryson DeChambeau,4,9,63,0,-1,9.0
B. DeChambeau,Bryson DeChambeau,4,10,64,0,-1,9.0
B. DeChambeau,Bryson DeChambeau,4,11,65,0,-1,10.0
B. DeChambeau,Bryson DeChambeau,4,12,66,0,-1,10.0
B. DeChambeau,Bryson DeChambeau,4,13,67,0,-1,10.0
B. DeChambeau,Bryson DeChambeau,4,14,68,0,-1,10.0
B. DeChambeau,Bryson DeChambeau,4,15,69,0,-1,10.0
B. DeChambeau,Bryson DeChambeau,4,16,70,0,-1,10.0
B. DeChambeau,Bryson DeChambeau,4,17,71,-1,-2,10.0
B. DeChambeau,Bryson DeChambeau,4,18,72,0,-2,10.0
J. Thomas,Justin Thomas,1,1,1,0,0,6.0
J. Thomas,Justin Thomas,1,2,2,0,0,5.0
J. Thomas,Justin Thomas,1,3,3,-1,-1,2.0
J. Thomas,Justin Thomas,1,4,4,0,-1,3.0
J. Thomas,Justin Thomas,1,5,5,0,-1,3.0
J. Thomas,Justin Thomas,1,6,6,0,-1,3.0
J. Thomas,Justin Thomas,1,7,7,0,-1,3.0
J. Thomas,Justin Thomas,1,8,8,0,-1,5.0
J. Thomas,Justin Thomas,1,9,9,0,-1,7.0
J. Thomas,Justin Thomas,1,10,10,0,-1,7.0
J. Thomas,Justin Thomas,1,11,11,0,-1,8.0
J. Thomas,Justin Thomas,1,12,12,0,-1,8.0
J. Thomas,Justin Thomas,1,13,13,0,-1,8.0
J. Thomas,Justin Thomas,1,14,14,0,-1,7.0
J. Thomas,Justin Thomas,1,15,15,0,-1,8.0
J. Thomas,Justin Thomas,1,16,16,-1,-2,8.0
J. Thomas,Justin Thomas,1,17,17,0,-2,8.0
J. Thomas,Justin Thomas,1,18,18,0,-2,7.0
J. Thomas,Justin Thomas,2,1,19,0,-2,7.0
J. Thomas,Justin Thomas,2,2,20,0,-2,7.0
J. Thomas,Justin Thomas,2,3,21,-2,-4,2.0
J. Thomas,Justin Thomas,2,4,22,1,-3,5.0
J. Thomas,Justin Thomas,2,5,23,0,-3,4.0
J. Thomas,Justin Thomas,2,6,24,0,-3,5.0
J. Thomas,Justin Thomas,2,7,25,0,-3,5.0
J. Thomas,Justin Thomas,2,8,26,0,-3,5.0
J. Thomas,Justin Thomas,2,9,27,0,-3,6.0
J. Thomas,Justin Thomas,2,10,28,0,-3,6.0
J. Thomas,Justin Thomas,2,11,29,0,-3,5.0
J. Thomas,Justin Thomas,2,12,30,0,-3,5.0
J. Thomas,Justin Thomas,2,13,31,0,-3,4.0
J. Thomas,Justin Thomas,2,14,32,0,-3,5.0
J. Thomas,Justin Thomas,2,15,33,0,-3,5.0
J. Thomas,Justin Thomas,2,16,34,0,-3,5.0
J. Thomas,Justin Thomas,2,17,35,0,-3,5.0
J. Thomas,Justin Thomas,2,18,36,0,-3,5.0
J. Thomas,Justin Thomas,3,1,37,0,-3,6.0
J. Thomas,Justin Thomas,3,2,38,1,-2,6.0
J. Thomas,Justin Thomas,3,3,39,0,-2,6.0
J. Thomas,Justin Thomas,3,4,40,0,-2,6.0
J. Thomas,Justin Thomas,3,5,41,0,-2,6.0
J. Thomas,Justin Thomas,3,6,42,0,-2,6.0
J. Thomas,Justin Thomas,3,7,43,0,-2,6.0
J. Thomas,Justin Thomas,3,8,44,-1,-3,6.0
J. Thomas,Justin Thomas,3,9,45,0,-3,6.0
J. Thomas,Justin Thomas,3,10,46,0,-3,6.0
J. Thomas,Justin Thomas,3,11,47,0,-3,6.0
J. Thomas,Justin Thomas,3,12,48,0,-3,6.0
J. Thomas,Justin Thomas,3,13,49,0,-3,6.0
J. Thomas,Justin Thomas,3,14,50,0,-3,6.0
J. Thomas,Justin Thomas,3,15,51,0,-3,6.0
J. Thomas,Justin Thomas,3,16,52,0,-3,6.0
J. Thomas,Justin Thomas,3,17,53,-1,-4,6.0
J. Thomas,Justin Thomas,3,18,54,0,-4,7.0
J. Thomas,Justin Thomas,4,1,55,0,-4,7.0
J. Thomas,Justin Thomas,4,2,56,1,-3,7.0
J. Thomas,Justin Thomas,4,3,57,0,-3,7.0
J. Thomas,Justin Thomas,4,4,58,0,-3,7.0
J. Thomas,Justin Thomas,4,5,59,0,-3,7.0
J. Thomas,Justin Thomas,4,6,60,0,-3,7.0
J. Thomas,Justin Thomas,4,7,61,0,-3,8.0
J. Thomas,Justin Thomas,4,8,62,-1,-4,7.0
J. Thomas,Justin Thomas,4,9,63,0,-4,8.0
J. Thomas,Justin Thomas,4,10,64,0,-4,7.0
J. Thomas,Justin Thomas,4,11,65,0,-4,7.0
J. Thomas,Justin Thomas,4,12,66,0,-4,8.0
J. Thomas,Justin Thomas,4,13,67,-1,-5,7.0
J. Thomas,Justin Thomas,4,14,68,0,-5,7.0
J. Thomas,Justin Thomas,4,15,69,0,-5,7.0
J. Thomas,Justin Thomas,4,16,70,0,-5,7.0
J. Thomas,Justin Thomas,4,17,71,0,-5,7.0
J. Thomas,Justin Thomas,4,18,72,0,-5,7.0
